id,first_name,last_name,email,gender,ip_address
1,Godart,Bransden,gbransden0@bloglines.com,Male,132.56.76.130
2,Almeda,Danaher,adanaher1@skype.com,Female,153.134.155.205
3,Adam,Wride,awride2@netlog.com,Male,64.225.100.84
4,Rosalia,Mackley,rmackley3@bandcamp.com,Female,58.209.38.35
5,Monte,Wolstencroft,mwolstencroft4@sfgate.com,Male,111.171.143.36
6,Toiboid,Rogister,trogister5@histats.com,Male,141.25.210.83
7,Zelda,Kenzie,zkenzie6@usnews.com,Agender,243.2.234.167
8,Roda,Jorez,rjorez7@webnode.com,Female,7.253.8.3
9,Harley,Atwood,hatwood8@loc.gov,Female,37.243.118.152
10,Gabriel,Lawleff,glawleff9@chron.com,Male,20.166.58.40
11,Avram,Korpolak,akorpolaka@slashdot.org,Male,203.144.30.208
12,Cybil,Back,cbackb@feedburner.com,Female,227.98.48.41
13,Lari,Nursey,lnurseyc@newsvine.com,Female,71.244.253.99
14,Sabra,Balshaw,sbalshawd@storify.com,Female,20.201.97.243
15,Isadore,Marsy,imarsye@friendfeed.com,Genderqueer,106.35.185.139
16,Esta,Bartels,ebartelsf@loc.gov,Female,184.38.21.62
17,Charity,Parks,cparksg@usatoday.com,Female,51.128.128.18
18,Adams,Tremolieres,atremolieresh@cargocollective.com,Male,89.254.111.114
19,Dev,Hocking,dhockingi@cornell.edu,Male,148.7.165.108
20,Giacinta,Ambrois,gambroisj@ning.com,Female,191.200.101.30
21,Kelley,Bolzmann,kbolzmannk@t.co,Male,72.31.92.180
22,Deerdre,Hyndley,dhyndleyl@ca.gov,Female,59.121.46.33
23,Miguelita,O'Keevan,mokeevanm@youtu.be,Female,161.111.65.254
24,Charlene,Ledrane,cledranen@sbwire.com,Female,75.0.29.39
25,Corinne,Hackin,chackino@google.com,Female,59.250.1.116
26,Gun,Polet,gpoletp@hud.gov,Male,21.241.151.32
27,Phoebe,Shann,pshannq@pinterest.com,Female,251.32.194.72
28,Vince,Mingus,vmingusr@mozilla.com,Male,113.7.137.213
29,Erick,McGlade,emcglades@google.it,Male,240.214.99.53
30,Laurie,Gonzalvo,lgonzalvot@amazon.de,Female,92.209.144.124
31,Alessandro,Wilbraham,awilbrahamu@icq.com,Male,244.14.84.81
32,Georgia,Twittey,gtwitteyv@tumblr.com,Female,139.160.84.36
33,Darnell,Collop,dcollopw@mysql.com,Male,50.114.179.108
34,Ian,Gemmill,igemmillx@istockphoto.com,Male,78.234.47.209
35,Kinna,Lashbrook,klashbrooky@dailymail.co.uk,Female,83.216.201.14
36,Auberta,Bernadot,abernadotz@illinois.edu,Female,173.199.163.32
37,Marybeth,Bowyer,mbowyer10@reuters.com,Female,44.30.111.3
38,Celestia,Vater,cvater11@biglobe.ne.jp,Female,198.1.98.228
39,Claudius,Sowman,csowman12@bloglovin.com,Male,165.198.99.13
40,Cirilo,Braikenridge,cbraikenridge13@newyorker.com,Male,183.201.52.36
41,Evaleen,Maughan,emaughan14@booking.com,Female,133.212.121.204
42,Angela,Foulks,afoulks15@webmd.com,Female,243.156.214.0
43,Benny,Jodlkowski,bjodlkowski16@cbsnews.com,Female,103.128.4.159
44,Cari,Tedman,ctedman17@example.com,Female,53.126.165.34
45,Dominique,Di Nisco,ddinisco18@wikimedia.org,Female,111.134.83.118
46,Chaddie,Oxtoby,coxtoby19@mapquest.com,Male,142.139.128.106
47,Claudell,Clipson,cclipson1a@oaic.gov.au,Male,44.92.28.122
48,Stanislas,Roizn,sroizn1b@github.com,Agender,242.174.252.58
49,Giordano,Scholard,gscholard1c@nps.gov,Polygender,5.117.133.75
50,Adey,Try,atry1d@cbslocal.com,Agender,81.15.197.70
51,Thoma,Stonehewer,tstonehewer1e@diigo.com,Male,93.186.126.28
52,Rafaelia,Abbis,rabbis1f@privacy.gov.au,Female,248.127.122.251
53,Marsha,Cavill,mcavill1g@pcworld.com,Female,114.102.96.101
54,Zuzana,Lamasna,zlamasna1h@bizjournals.com,Female,50.51.195.1
55,Scarlett,Claridge,sclaridge1i@examiner.com,Female,166.177.43.104
56,Celine,Sandcroft,csandcroft1j@intel.com,Female,159.132.241.122
57,Yuma,Sabathe,ysabathe1k@cisco.com,Male,74.44.23.9
58,Marlene,Emblow,memblow1l@elpais.com,Female,173.95.167.75
59,Myrtice,Phinnessy,mphinnessy1m@mayoclinic.com,Female,91.142.132.29
60,Faulkner,Ferreli,fferreli1n@artisteer.com,Male,76.45.43.164
61,Keane,Lyddon,klyddon1o@go.com,Male,66.154.75.60
62,Benjie,Kitlee,bkitlee1p@skyrock.com,Male,10.19.203.29
63,Lazarus,Buller,lbuller1q@apple.com,Male,45.134.228.203
64,Lothario,Cartmale,lcartmale1r@weather.com,Genderfluid,207.63.170.203
65,Joleen,Antonoczyk,jantonoczyk1s@eventbrite.com,Female,143.102.98.125
66,Rudolf,Fourcade,rfourcade1t@wisc.edu,Male,197.70.45.64
67,Otes,Shera,oshera1u@java.com,Male,40.144.167.152
68,Novelia,Scopham,nscopham1v@prlog.org,Female,255.102.231.146
69,Kaila,Physick,kphysick1w@cafepress.com,Female,55.44.138.120
70,Eirena,Beatson,ebeatson1x@yahoo.com,Female,84.241.185.147
71,Ellery,Rabat,erabat1y@cdc.gov,Male,74.3.174.229
72,Silvain,Gemeau,sgemeau1z@live.com,Male,251.112.127.71
73,Cobbie,O'Nions,conions20@kickstarter.com,Male,164.226.204.27
74,Livy,Veschi,lveschi21@slate.com,Female,245.161.191.106
75,Astra,Bannister,abannister22@alexa.com,Bigender,152.188.12.101
76,Ophelia,Bedinham,obedinham23@a8.net,Female,106.159.60.106
77,Clarabelle,Rylance,crylance24@xinhuanet.com,Female,66.168.59.217
78,Hinda,Carrabott,hcarrabott25@sogou.com,Female,50.124.70.101
79,Shandie,Weeds,sweeds26@army.mil,Female,156.43.243.173
80,Gretel,Mazey,gmazey27@icio.us,Female,245.62.30.191
81,Caron,Killiner,ckilliner28@ask.com,Agender,184.205.125.112
82,Phillida,Ollarenshaw,pollarenshaw29@msn.com,Female,85.193.127.8
83,Gare,Barta,gbarta2a@free.fr,Male,139.210.76.63
84,Hetty,Thain,hthain2b@google.co.jp,Female,52.184.43.146
85,Anallese,Goomes,agoomes2c@issuu.com,Female,182.124.92.101
86,Clark,Sealove,csealove2d@nytimes.com,Male,128.210.254.170
87,Bendite,Upston,bupston2e@vkontakte.ru,Female,19.55.5.110
88,Leese,Duester,lduester2f@desdev.cn,Genderfluid,254.21.119.187
89,Jeffie,Roget,jroget2g@ocn.ne.jp,Genderfluid,250.49.147.227
90,Alano,Wondraschek,awondraschek2h@blogger.com,Male,119.185.94.154
91,Callie,Pevreal,cpevreal2i@simplemachines.org,Female,48.52.30.209
92,Ayn,Trehearne,atrehearne2j@lulu.com,Female,129.79.168.123
93,Tiphani,McCathie,tmccathie2k@vk.com,Female,40.1.88.134
94,Milly,Daborn,mdaborn2l@ocn.ne.jp,Female,115.104.161.78
95,Flem,Surridge,fsurridge2m@va.gov,Male,48.16.238.243
96,Rayner,Rosewarne,rrosewarne2n@de.vu,Male,24.40.86.231
97,Charlena,Chisnell,cchisnell2o@home.pl,Female,12.139.165.123
98,Goddart,Gritten,ggritten2p@netvibes.com,Male,236.240.148.160
99,Giles,Wedmore.,gwedmore2q@sakura.ne.jp,Male,91.172.195.75
100,Joey,Willimont,jwillimont2r@mapquest.com,Male,64.166.196.89
101,Sammie,Rushsorth,srushsorth2s@diigo.com,Male,47.244.12.92
102,Arlene,Chalfont,achalfont2t@acquirethisname.com,Non-binary,247.144.49.67
103,Chantal,Dranfield,cdranfield2u@prlog.org,Female,138.127.162.171
104,Alaster,Worswick,aworswick2v@archive.org,Male,62.236.169.139
105,Yorgo,Schuler,yschuler2w@deviantart.com,Male,48.250.84.188
106,Robina,Perks,rperks2x@dailymail.co.uk,Female,176.113.9.36
107,Hebert,Tredinnick,htredinnick2y@live.com,Male,174.35.1.143
108,Gilberto,Castiglio,gcastiglio2z@nhs.uk,Male,186.232.23.242
109,Bar,Landsbury,blandsbury30@howstuffworks.com,Male,189.171.172.211
110,Grady,MacIver,gmaciver31@usnews.com,Male,182.144.218.21
111,Harald,Aulsford,haulsford32@salon.com,Male,218.125.196.194
112,Randolf,Wiskar,rwiskar33@qq.com,Male,124.251.205.187
113,Sigfrid,Skinley,sskinley34@blogs.com,Male,253.50.56.247
114,Amalita,Pigeon,apigeon35@google.com.au,Female,149.196.227.210
115,Forrest,Font,ffont36@google.es,Male,193.245.198.205
116,Bobette,Kirtley,bkirtley37@cargocollective.com,Female,49.28.237.225
117,Afton,Watling,awatling38@com.com,Female,133.38.60.52
118,Jesus,Gilbert,jgilbert39@narod.ru,Male,186.85.166.205
119,Birk,Shoard,bshoard3a@examiner.com,Male,190.37.145.6
120,Reade,Larcombe,rlarcombe3b@boston.com,Genderfluid,116.41.158.97
121,Ervin,Blasius,eblasius3c@bloglovin.com,Male,213.185.80.117
122,Gaylene,Attwill,gattwill3d@cdc.gov,Female,42.42.63.96
123,Basile,Leverett,bleverett3e@bbb.org,Male,90.204.105.151
124,Karim,Lovel,klovel3f@istockphoto.com,Male,203.225.3.114
125,Aubry,Knightsbridge,aknightsbridge3g@nyu.edu,Female,156.44.47.196
126,Benedicta,Bentke,bbentke3h@examiner.com,Female,157.78.31.156
127,Lindsey,Summerlee,lsummerlee3i@comsenz.com,Male,130.194.224.90
128,Juliette,Flory,jflory3j@cornell.edu,Female,38.13.221.187
129,Stafford,Ackenhead,sackenhead3k@xing.com,Male,118.178.142.48
130,Petunia,Perrone,pperrone3l@nationalgeographic.com,Female,255.148.150.82
131,Kinsley,Braksper,kbraksper3m@samsung.com,Polygender,223.151.73.58
132,Gabbie,Newburn,gnewburn3n@mashable.com,Male,47.3.253.80
133,Cara,Voice,cvoice3o@latimes.com,Genderfluid,203.62.87.235
134,Julian,Bleaden,jbleaden3p@google.com.au,Male,34.26.106.229
135,Kristos,Ottam,kottam3q@scribd.com,Male,139.180.219.54
136,Dame,Taffee,dtaffee3r@loc.gov,Male,116.46.163.38
137,Alan,Garfit,agarfit3s@nifty.com,Male,156.12.90.228
138,Lonny,Batram,lbatram3t@springer.com,Male,135.205.127.149
139,Natalie,Beetham,nbeetham3u@china.com.cn,Female,212.234.219.213
140,Baxy,Turbayne,bturbayne3v@yale.edu,Male,73.233.220.51
141,Riordan,Bridgett,rbridgett3w@guardian.co.uk,Male,86.168.191.233
142,Tootsie,Burchett,tburchett3x@technorati.com,Female,113.198.236.23
143,Aurelea,Aughtie,aaughtie3y@feedburner.com,Female,47.81.143.112
144,Standford,Ochiltree,sochiltree3z@instagram.com,Male,179.0.161.195
145,Leslie,Kitley,lkitley40@latimes.com,Male,56.255.147.2
146,Steward,Gavrielly,sgavrielly41@washingtonpost.com,Male,103.208.154.126
147,Lory,Skeemer,lskeemer42@indiegogo.com,Genderqueer,206.226.26.97
148,Coral,Roxbee,croxbee43@naver.com,Female,124.125.97.108
149,Nadine,Aksell,naksell44@ebay.co.uk,Female,208.202.237.125
150,Doralynne,Wethey,dwethey45@joomla.org,Female,138.100.1.225
151,Lindon,Moroney,lmoroney46@paginegialle.it,Male,111.124.101.197
152,Andy,Whitland,awhitland47@independent.co.uk,Female,255.6.10.142
153,Lazaro,Watson-Brown,lwatsonbrown48@apple.com,Male,91.97.251.164
154,Blanche,Wetheril,bwetheril49@amazon.co.jp,Female,127.202.166.39
155,Lauren,Frichley,lfrichley4a@1688.com,Genderfluid,86.96.29.61
156,Rosalyn,Scaice,rscaice4b@eepurl.com,Female,54.250.44.240
157,Bartlett,Halt,bhalt4c@walmart.com,Male,222.25.0.164
158,Ranna,Adamov,radamov4d@netlog.com,Female,149.16.192.171
159,Chen,Pien,cpien4e@google.co.uk,Male,3.178.247.149
160,Marti,Reckhouse,mreckhouse4f@hc360.com,Female,200.27.153.186
161,Kordula,Osman,kosman4g@gizmodo.com,Female,194.230.119.172
162,Bowie,Zavittieri,bzavittieri4h@liveinternet.ru,Male,237.77.220.164
163,Barrie,Madders,bmadders4i@cargocollective.com,Female,184.30.238.67
164,Georgeta,Avrahamy,gavrahamy4j@engadget.com,Female,64.106.146.99
165,Faydra,Yarnold,fyarnold4k@spotify.com,Female,81.23.126.49
166,Nobie,Pritchitt,npritchitt4l@netlog.com,Male,28.71.49.71
167,Atlanta,Silcocks,asilcocks4m@tripadvisor.com,Female,102.114.47.33
168,Zulema,Parrin,zparrin4n@rediff.com,Female,167.13.234.240
169,Katya,Wiggett,kwiggett4o@si.edu,Female,236.50.194.1
170,Dorian,Tiffin,dtiffin4p@marketwatch.com,Male,200.212.197.121
171,Carrissa,Barradell,cbarradell4q@newsvine.com,Female,190.52.244.251
172,Joanne,Jurick,jjurick4r@weather.com,Genderqueer,99.117.40.144
173,Cordell,Permain,cpermain4s@newyorker.com,Male,215.63.198.177
174,Hadlee,Liccardi,hliccardi4t@github.io,Male,104.35.214.139
175,Kingston,Ertelt,kertelt4u@youku.com,Male,28.7.231.179
176,Harp,Razzell,hrazzell4v@opera.com,Male,93.96.125.245
177,Marijn,Hise,mhise4w@weebly.com,Male,102.187.249.15
178,Garland,Mulqueen,gmulqueen4x@theglobeandmail.com,Female,18.38.124.62
179,Marni,Wimms,mwimms4y@freewebs.com,Female,17.131.61.121
180,Yardley,Portman,yportman4z@baidu.com,Male,223.11.63.196
181,Beverly,Rockwill,brockwill50@163.com,Female,21.2.26.133
182,Mathian,Molesworth,mmolesworth51@g.co,Male,202.140.209.220
183,Kim,Culshaw,kculshaw52@feedburner.com,Male,208.251.135.116
184,Gilly,By,gby53@hp.com,Female,55.145.138.19
185,Duky,Peterson,dpeterson54@timesonline.co.uk,Male,58.170.92.179
186,Alfy,Yantsurev,ayantsurev55@earthlink.net,Polygender,108.205.208.8
187,Emerson,Hirth,ehirth56@noaa.gov,Male,73.126.77.159
188,Brice,Fairfoul,bfairfoul57@hugedomains.com,Male,125.228.211.126
189,Ellwood,Casajuana,ecasajuana58@techcrunch.com,Male,239.155.36.0
190,Serena,Crimmins,scrimmins59@i2i.jp,Female,51.199.81.135
191,Kelsi,Phinn,kphinn5a@fema.gov,Female,16.205.41.153
192,Angele,Mantrip,amantrip5b@biblegateway.com,Female,155.135.157.225
193,Constantine,Tampling,ctampling5c@time.com,Male,69.6.155.141
194,Dudley,Bosse,dbosse5d@ucoz.ru,Male,100.225.61.53
195,Lyman,Philip,lphilip5e@wordpress.org,Male,83.3.27.72
196,Juditha,Eim,jeim5f@who.int,Female,93.220.1.233
197,Tulley,Tomeo,ttomeo5g@slashdot.org,Male,244.85.79.44
198,Gordie,Airs,gairs5h@histats.com,Male,132.224.137.55
199,Stavros,Sloam,ssloam5i@china.com.cn,Male,232.118.13.47
200,Roxi,Yendall,ryendall5j@artisteer.com,Female,51.254.110.189
201,Glori,Pires,gpires5k@technorati.com,Female,17.13.82.201
202,Selena,Cushelly,scushelly5l@amazonaws.com,Female,144.23.128.29
203,Linet,Hollingsby,lhollingsby5m@soundcloud.com,Female,75.254.135.89
204,Jaclyn,Dilliston,jdilliston5n@vinaora.com,Agender,135.105.36.10
205,Tedd,Ullett,tullett5o@intel.com,Male,210.216.170.112
206,Anthia,Lisett,alisett5p@ftc.gov,Female,242.180.119.0
207,Ema,Gliddon,egliddon5q@nymag.com,Female,205.86.73.77
208,Gael,Rout,grout5r@msu.edu,Female,219.203.51.19
209,Brice,Gilkison,bgilkison5s@de.vu,Male,20.82.12.40
210,Matthiew,Shoebridge,mshoebridge5t@meetup.com,Non-binary,203.59.108.125
211,Sonia,Bacher,sbacher5u@de.vu,Agender,53.194.116.227
212,Zolly,Fries,zfries5v@people.com.cn,Male,91.170.168.160
213,Albert,Stares,astares5w@squarespace.com,Male,171.103.113.252
214,Skyler,Dysart,sdysart5x@cbslocal.com,Male,179.34.57.126
215,Alexandros,Hane,ahane5y@ibm.com,Male,161.175.8.227
216,Marcia,Delooze,mdelooze5z@desdev.cn,Female,232.103.150.41
217,Melloney,Kidsley,mkidsley60@hostgator.com,Female,236.136.160.199
218,Corissa,Westell,cwestell61@cmu.edu,Female,118.150.87.47
219,Erl,Baigent,ebaigent62@istockphoto.com,Male,221.180.222.75
220,Carilyn,Ault,cault63@tripadvisor.com,Female,125.249.250.1
221,Ferris,Woodworth,fwoodworth64@salon.com,Male,87.106.14.203
222,Creigh,Rutland,crutland65@amazon.co.uk,Male,23.74.227.174
223,Derrek,Devoy,ddevoy66@amazon.de,Male,91.101.63.252
224,Bobette,Gailor,bgailor67@msu.edu,Female,83.182.146.63
225,Janeva,Kaes,jkaes68@engadget.com,Female,44.7.17.56
226,Joly,Lysons,jlysons69@seattletimes.com,Female,21.253.87.214
227,Jennica,Mitchener,jmitchener6a@utexas.edu,Female,74.253.186.235
228,Gwendolin,Mudie,gmudie6b@nifty.com,Female,108.151.127.186
229,Odelia,Guppy,oguppy6c@360.cn,Female,221.246.125.169
230,Suzette,McSkin,smcskin6d@cmu.edu,Bigender,178.197.163.56
231,Chloe,Gotthard.sf,cgotthardsf6e@nih.gov,Female,29.77.243.176
232,Risa,Le Breton De La Vieuville,rlebretondelavieuville6f@admin.ch,Bigender,53.8.191.216
233,Mickie,McGeachy,mmcgeachy6g@twitpic.com,Female,59.1.111.135
234,Mortimer,Minget,mminget6h@taobao.com,Male,7.88.156.53
235,Eb,Faulkes,efaulkes6i@biblegateway.com,Genderfluid,198.189.15.41
236,Jim,Jirsa,jjirsa6j@imgur.com,Male,68.217.192.144
237,Bendick,Dorcey,bdorcey6k@clickbank.net,Male,251.78.159.131
238,Conny,Sushams,csushams6l@hibu.com,Male,27.63.226.35
239,Elisabet,Llewellen,ellewellen6m@t-online.de,Female,134.14.158.216
240,Hunt,Djurdjevic,hdjurdjevic6n@pcworld.com,Male,194.86.137.99
241,Page,Estabrook,pestabrook6o@people.com.cn,Genderfluid,187.150.249.163
242,Abbi,Mandry,amandry6p@g.co,Female,54.252.166.94
243,Veronica,Sowerbutts,vsowerbutts6q@cnet.com,Female,166.249.23.144
244,Edd,Marritt,emarritt6r@upenn.edu,Male,144.16.21.202
245,Julianna,Gillman,jgillman6s@artisteer.com,Female,177.72.206.175
246,Sayres,Freezor,sfreezor6t@nsw.gov.au,Male,166.193.97.15
247,Sigismond,Bramer,sbramer6u@biblegateway.com,Male,116.58.74.220
248,Hercules,Neeves,hneeves6v@ebay.com,Male,202.150.210.53
249,Terri-jo,Gaiford,tgaiford6w@wikispaces.com,Female,206.75.184.184
250,Bella,Martinets,bmartinets6x@goodreads.com,Female,93.170.190.96
251,Fabian,McClay,fmcclay6y@amazon.com,Male,106.205.138.220
252,Willey,Caroline,wcaroline6z@networkadvertising.org,Male,57.114.6.206
253,Land,Braywood,lbraywood70@miitbeian.gov.cn,Male,90.111.243.120
254,Bridgette,Carlan,bcarlan71@blinklist.com,Female,64.27.159.182
255,Auberon,Blodgett,ablodgett72@exblog.jp,Male,159.47.52.1
256,Homerus,Ferne,hferne73@about.me,Male,87.230.218.112
257,Frannie,Waud,fwaud74@dot.gov,Male,109.200.132.246
258,Bald,McNeilley,bmcneilley75@google.com.br,Male,144.29.49.67
259,Leonora,Bannister,lbannister76@state.tx.us,Female,207.180.123.214
260,Bobine,Duckhouse,bduckhouse77@nymag.com,Female,50.135.113.8
261,Wilbur,Shyram,wshyram78@jugem.jp,Male,159.59.251.138
262,Alexi,Drew-Clifton,adrewclifton79@fc2.com,Female,80.220.163.50
263,Wanids,Gianiello,wgianiello7a@webnode.com,Female,251.140.160.13
264,Pauly,MacFadyen,pmacfadyen7b@bluehost.com,Male,75.46.123.69
265,Roland,Maundrell,rmaundrell7c@senate.gov,Male,230.234.106.57
266,Dietrich,Halleday,dhalleday7d@google.fr,Male,205.248.231.26
267,Gray,Carcas,gcarcas7e@pbs.org,Female,42.186.72.205
268,Verney,Mattiello,vmattiello7f@discovery.com,Male,51.192.191.157
269,Montague,Pestor,mpestor7g@wp.com,Male,194.220.151.193
270,Marylin,Slainey,mslainey7h@disqus.com,Female,167.100.198.169
271,Sayers,Fydoe,sfydoe7i@squidoo.com,Male,21.182.35.104
272,Christiano,Harvey,charvey7j@jiathis.com,Male,68.224.0.80
273,Vaclav,Ludlom,vludlom7k@dion.ne.jp,Male,98.131.255.158
274,Aldis,Gofforth,agofforth7l@google.pl,Male,126.118.146.33
275,Teodoro,Frew,tfrew7m@sbwire.com,Male,134.219.87.66
276,Seumas,Whitty,swhitty7n@tinyurl.com,Male,110.171.176.117
277,Dene,Knightsbridge,dknightsbridge7o@photobucket.com,Polygender,233.210.187.190
278,Bridgette,McCarly,bmccarly7p@state.tx.us,Female,44.135.96.7
279,Denny,McFadyen,dmcfadyen7q@scribd.com,Female,243.149.179.31
280,Urson,Linder,ulinder7r@businessinsider.com,Male,34.217.28.161
281,Harry,Fawcus,hfawcus7s@merriam-webster.com,Male,28.187.139.125
282,Gustave,Dobell,gdobell7t@odnoklassniki.ru,Male,246.191.156.111
283,Neill,Olin,nolin7u@scribd.com,Male,147.164.196.136
284,Warden,Ivanishin,wivanishin7v@un.org,Male,118.69.177.239
285,Johnny,Leakner,jleakner7w@tiny.cc,Male,237.188.92.71
286,Davie,Kinny,dkinny7x@google.nl,Male,102.182.113.187
287,Flor,Fenlon,ffenlon7y@reuters.com,Female,50.124.135.168
288,Linell,Macari,lmacari7z@zdnet.com,Female,93.161.160.84
289,Frank,Behling,fbehling80@un.org,Male,203.176.249.130
290,Merwin,Hilldrup,mhilldrup81@wikia.com,Male,44.18.249.253
291,Cordy,Lyddiatt,clyddiatt82@livejournal.com,Genderqueer,245.183.192.73
292,Cointon,Wyvill,cwyvill83@ow.ly,Polygender,212.134.2.236
293,Worden,Tomaino,wtomaino84@japanpost.jp,Male,251.241.195.137
294,Annabel,Creeboe,acreeboe85@liveinternet.ru,Female,88.211.120.76
295,Niki,Congram,ncongram86@huffingtonpost.com,Female,26.123.236.245
296,Yehudit,Dumblton,ydumblton87@feedburner.com,Polygender,31.124.236.50
297,Vicky,Sancroft,vsancroft88@usa.gov,Female,39.190.185.190
298,Kimberley,Challiner,kchalliner89@stumbleupon.com,Female,3.207.140.224
299,Daryl,Klaaasen,dklaaasen8a@over-blog.com,Genderqueer,102.116.105.180
300,Beth,Olcot,bolcot8b@sfgate.com,Polygender,94.96.17.50
301,Galen,Wasmuth,gwasmuth8c@scientificamerican.com,Male,131.20.247.14
302,Josefa,Spellesy,jspellesy8d@1und1.de,Female,54.219.9.134
303,Durante,Crispe,dcrispe8e@sphinn.com,Male,205.103.185.86
304,Illa,Harman,iharman8f@dropbox.com,Female,2.194.141.45
305,My,Folshom,mfolshom8g@t.co,Male,133.250.38.185
306,Lorenza,Kettleson,lkettleson8h@intel.com,Female,253.207.6.90
307,Jerome,Allsupp,jallsupp8i@businessweek.com,Male,4.66.58.79
308,Kristel,Arnal,karnal8j@behance.net,Female,137.49.162.51
309,Penn,Tanby,ptanby8k@illinois.edu,Male,56.152.95.41
310,Ruthanne,Harle,rharle8l@jigsy.com,Female,114.229.13.110
311,Zacherie,Plessing,zplessing8m@redcross.org,Male,188.131.33.170
312,Cammi,Lokier,clokier8n@vk.com,Female,120.61.158.138
313,Siusan,Scurr,sscurr8o@etsy.com,Female,118.247.208.148
314,Stacia,Alaway,salaway8p@bravesites.com,Female,254.223.41.184
315,Lettie,Raw,lraw8q@disqus.com,Female,207.154.159.177
316,Bondie,Bycraft,bbycraft8r@apple.com,Male,108.121.163.154
317,Allyn,Josilevich,ajosilevich8s@barnesandnoble.com,Female,64.76.73.200
318,Kaleb,Gamblin,kgamblin8t@aol.com,Male,173.218.187.74
319,Teriann,Skippon,tskippon8u@de.vu,Female,65.195.228.241
320,Rosamund,McCosh,rmccosh8v@usgs.gov,Female,73.159.215.145
321,Anderson,Aslett,aaslett8w@delicious.com,Male,230.150.40.145
322,Kathrine,McCarron,kmccarron8x@yellowpages.com,Female,115.209.31.186
323,Mahmoud,Drover,mdrover8y@quantcast.com,Male,219.99.251.203
324,Helene,Guitton,hguitton8z@acquirethisname.com,Genderqueer,72.33.188.196
325,Jocko,Pithcock,jpithcock90@furl.net,Male,39.37.182.109
326,Lew,Edler,ledler91@wunderground.com,Male,65.143.117.84
327,Ralina,Pead,rpead92@oracle.com,Female,183.44.6.71
328,Stephanie,Dimmick,sdimmick93@princeton.edu,Female,233.198.212.130
329,Giordano,Ciccottini,gciccottini94@cyberchimps.com,Male,201.208.227.62
330,Mary,Cowser,mcowser95@kickstarter.com,Female,12.77.217.188
331,Hulda,Allgood,hallgood96@msn.com,Female,78.163.32.184
332,Stephanie,Ludovico,sludovico97@hud.gov,Female,241.234.105.15
333,Ulrick,Ahlin,uahlin98@accuweather.com,Male,0.128.85.100
334,Starlin,Wodeland,swodeland99@nih.gov,Female,140.128.12.59
335,Ameline,Fattori,afattori9a@last.fm,Agender,238.92.121.253
336,Bren,Couldwell,bcouldwell9b@linkedin.com,Male,102.46.251.200
337,Goldie,Ruddell,gruddell9c@infoseek.co.jp,Agender,54.132.50.42
338,Pierce,Towriss,ptowriss9d@csmonitor.com,Male,12.235.230.71
339,Laurens,Traves,ltraves9e@goo.ne.jp,Genderfluid,93.238.142.215
340,Lena,Self,lself9f@ucoz.ru,Female,10.118.119.252
341,Fransisco,Artus,fartus9g@economist.com,Male,80.66.255.32
342,Ralina,Wimmers,rwimmers9h@xing.com,Female,210.183.6.95
343,Haroun,Ironmonger,hironmonger9i@example.com,Male,77.28.80.30
344,Pearce,Skurray,pskurray9j@independent.co.uk,Male,68.188.84.173
345,Berke,Cabrara,bcabrara9k@wp.com,Male,98.123.109.106
346,Kerianne,Mahody,kmahody9l@last.fm,Female,239.75.124.8
347,Lonnard,Beales,lbeales9m@exblog.jp,Male,11.19.242.67
348,Martelle,Savill,msavill9n@etsy.com,Female,73.120.117.204
349,Stearn,Nehlsen,snehlsen9o@ed.gov,Male,62.198.169.178
350,Jo,Manshaw,jmanshaw9p@deliciousdays.com,Male,215.226.142.2
351,Weylin,Eymer,weymer9q@weibo.com,Male,4.249.145.73
352,Wallis,Greeson,wgreeson9r@ning.com,Male,139.110.11.253
353,Gallard,O'Bradden,gobradden9s@weebly.com,Male,63.156.49.87
354,Cristal,Voisey,cvoisey9t@techcrunch.com,Female,230.137.251.246
355,Felike,Giovannacci,fgiovannacci9u@diigo.com,Male,192.119.201.96
356,Eveleen,Veelers,eveelers9v@ifeng.com,Female,238.143.83.164
357,Brocky,Renn,brenn9w@addtoany.com,Male,244.181.215.97
358,Quinlan,Vogele,qvogele9x@yellowpages.com,Male,163.237.86.51
359,Harwilll,Goodfellowe,hgoodfellowe9y@github.io,Genderqueer,253.91.204.167
360,Eddi,Chippin,echippin9z@meetup.com,Female,230.144.140.54
361,Dal,Stollen,dstollena0@marketwatch.com,Male,220.213.2.47
362,Romola,Valencia,rvalenciaa1@google.es,Female,70.244.119.30
363,Benedikta,Caddies,bcaddiesa2@jigsy.com,Female,29.1.116.64
364,Ahmad,Treadgall,atreadgalla3@edublogs.org,Male,152.126.236.62
365,Kiele,Haug,khauga4@uiuc.edu,Female,90.51.135.86
366,Maddy,Cerman,mcermana5@surveymonkey.com,Male,112.78.53.0
367,Brion,Baugh,bbaugha6@devhub.com,Male,95.245.144.91
368,Edward,Thom,ethoma7@bigcartel.com,Male,21.253.30.92
369,Debbi,Molnar,dmolnara8@va.gov,Female,148.116.147.29
370,Hildagard,Axtonne,haxtonnea9@ucsd.edu,Female,184.9.56.53
371,Ashbey,McGeever,amcgeeveraa@amazonaws.com,Male,1.183.108.236
372,Gavra,Toffanini,gtoffaniniab@timesonline.co.uk,Female,241.115.95.108
373,Mycah,Killwick,mkillwickac@boston.com,Agender,120.46.83.72
374,Zack,Shale,zshalead@ucoz.com,Male,117.242.60.32
375,Eleen,Argyle,eargyleae@plala.or.jp,Female,183.125.127.202
376,Nester,Tuffell,ntuffellaf@delicious.com,Male,81.71.58.134
377,Forrest,Trickey,ftrickeyag@hostgator.com,Male,21.1.70.100
378,Crin,Wilsdon,cwilsdonah@dot.gov,Female,174.19.63.186
379,Hollie,Farran,hfarranai@slate.com,Female,146.32.249.94
380,Harlin,Burtwhistle,hburtwhistleaj@princeton.edu,Male,78.57.72.24
381,Pippo,Riddich,priddichak@pcworld.com,Polygender,249.232.43.81
382,Miquela,Sherwen,msherwenal@house.gov,Genderqueer,183.131.190.155
383,Giff,Gerhardt,ggerhardtam@fema.gov,Male,156.53.21.217
384,Brodie,Cregin,bcreginan@ustream.tv,Male,245.159.226.104
385,Gal,Gregore,ggregoreao@e-recht24.de,Male,235.129.144.173
386,Sebastien,Redmain,sredmainap@nbcnews.com,Male,236.85.246.21
387,Koralle,Verner,kverneraq@oracle.com,Female,75.53.137.157
388,Harwell,Pfaff,hpfaffar@sbwire.com,Male,22.187.174.124
389,Deloria,Tattersdill,dtattersdillas@over-blog.com,Female,58.247.83.50
390,See,Folkard,sfolkardat@google.it,Male,48.21.146.205
391,Cherianne,Saltmarsh,csaltmarshau@sciencedaily.com,Female,34.112.240.177
392,Samuele,Matskevich,smatskevichav@about.me,Male,73.123.9.181
393,Franky,Langtry,flangtryaw@ihg.com,Female,129.157.178.253
394,Gabrielle,Flicker,gflickerax@arizona.edu,Female,203.181.151.114
395,Gardener,MacKaig,gmackaigay@statcounter.com,Male,153.253.103.250
396,Tuckie,Wingrove,twingroveaz@msu.edu,Polygender,90.64.16.106
397,Dorelia,Nobles,dnoblesb0@creativecommons.org,Female,20.128.51.63
398,Wolfgang,Dagger,wdaggerb1@weebly.com,Male,40.18.63.24
399,Hanny,Iacovacci,hiacovaccib2@alibaba.com,Female,24.140.116.234
400,Benyamin,Notman,bnotmanb3@youku.com,Male,7.68.146.8
401,Rex,Rubinow,rrubinowb4@nps.gov,Male,89.191.81.128
402,Rikki,Jugging,rjuggingb5@tripod.com,Male,18.36.229.151
403,Monah,Trott,mtrottb6@liveinternet.ru,Female,55.219.142.155
404,Saree,Bartoli,sbartolib7@dropbox.com,Female,116.158.253.14
405,Cissiee,Cortese,ccorteseb8@quantcast.com,Female,12.172.240.76
406,Alexander,Fleckness,aflecknessb9@hud.gov,Male,40.228.24.55
407,Halette,Cawte,hcawteba@amazon.co.jp,Female,191.169.173.219
408,Fitzgerald,Boutellier,fboutellierbb@fda.gov,Male,205.105.137.59
409,Parsifal,Mortell,pmortellbc@accuweather.com,Male,100.244.3.122
410,Sileas,Martinelli,smartinellibd@fastcompany.com,Female,114.253.126.116
411,Marget,Filipov,mfilipovbe@blogger.com,Female,58.238.241.252
412,Cordi,Glading,cgladingbf@harvard.edu,Female,93.125.23.64
413,Halsey,Rodder,hrodderbg@wsj.com,Male,37.188.1.4
414,Alie,Scneider,ascneiderbh@privacy.gov.au,Female,162.40.14.148
415,Chrisse,Swetmore,cswetmorebi@histats.com,Male,235.147.74.175
416,Charmine,Phythien,cphythienbj@disqus.com,Female,183.235.122.31
417,Cyb,Taffurelli,ctaffurellibk@merriam-webster.com,Female,51.252.134.123
418,Bren,Symcock,bsymcockbl@gizmodo.com,Male,172.152.202.67
419,Delcina,Fallon,dfallonbm@dedecms.com,Female,111.236.84.130
420,Ches,Dalgarnocht,cdalgarnochtbn@creativecommons.org,Male,124.199.219.247
421,Elaina,Cadamy,ecadamybo@lulu.com,Female,171.73.9.13
422,Rouvin,Hetterich,rhetterichbp@google.com.au,Male,47.121.163.196
423,Meggi,Mettricke,mmettrickebq@alibaba.com,Female,236.196.242.89
424,Graeme,Pearcey,gpearceybr@slideshare.net,Male,117.255.64.14
425,Dalston,Brazenor,dbrazenorbs@deviantart.com,Male,232.51.118.107
426,Baxter,Breheny,bbrehenybt@cyberchimps.com,Male,206.227.237.155
427,Gaylor,Rankcom,grankcombu@jalbum.net,Male,71.201.4.179
428,Niel,Bohlin,nbohlinbv@artisteer.com,Male,178.182.203.13
429,Nettle,Sivier,nsivierbw@independent.co.uk,Female,218.98.220.243
430,Towney,Hayth,thaythbx@aol.com,Male,12.245.157.154
431,Chickie,Readmire,creadmireby@youtu.be,Male,153.103.221.205
432,Naomi,Cressor,ncressorbz@foxnews.com,Female,128.182.238.133
433,Silvie,Labell,slabellc0@nytimes.com,Female,154.248.133.20
434,Octavius,Goodbourn,ogoodbournc1@naver.com,Male,19.132.67.127
435,Brianne,Caine,bcainec2@infoseek.co.jp,Female,11.134.57.27
436,Bartram,Philipps,bphilippsc3@godaddy.com,Male,123.225.252.126
437,Martino,Cross,mcrossc4@photobucket.com,Male,51.214.86.72
438,Nevil,Lamborn,nlambornc5@house.gov,Male,200.0.17.246
439,Quintilla,Marley,qmarleyc6@moonfruit.com,Female,161.172.8.236
440,Rick,Drayson,rdraysonc7@army.mil,Male,93.65.162.57
441,Fenelia,Raddon,fraddonc8@quantcast.com,Female,203.231.139.40
442,Ayn,Schouthede,aschouthedec9@rakuten.co.jp,Female,165.137.57.244
443,Livvie,Stansall,lstansallca@clickbank.net,Female,230.60.193.161
444,Farley,O'Doohaine,fodoohainecb@goo.gl,Male,77.214.67.93
445,Natka,Martinson,nmartinsoncc@phpbb.com,Female,105.180.229.77
446,Eddie,Larchiere,elarchierecd@sitemeter.com,Female,47.231.240.176
447,Sinclare,Cearley,scearleyce@phoca.cz,Male,97.89.238.69
448,Dollie,Brand,dbrandcf@boston.com,Agender,54.222.227.150
449,Karlis,Bucky,kbuckycg@163.com,Male,223.53.223.177
450,Kerrin,Canning,kcanningch@gizmodo.com,Female,212.61.224.253
451,Noami,Gabbitas,ngabbitasci@cargocollective.com,Female,216.55.8.140
452,Joela,De Hooch,jdehoochcj@bizjournals.com,Female,222.161.233.163
453,Forrest,Megroff,fmegroffck@nba.com,Male,134.31.221.87
454,Roderigo,Cord,rcordcl@scribd.com,Male,215.177.1.154
455,Alvy,Beard,abeardcm@amazonaws.com,Male,150.74.154.15
456,Perrine,Mintoft,pmintoftcn@epa.gov,Agender,177.149.122.49
457,Talbert,Jaher,tjaherco@nifty.com,Male,136.77.161.115
458,Aurea,Pedri,apedricp@vimeo.com,Female,159.171.114.164
459,Eugenie,Critcher,ecritchercq@google.it,Genderqueer,78.96.212.6
460,Win,Quinion,wquinioncr@ucoz.com,Male,65.250.51.190
461,Barr,Bunch,bbunchcs@simplemachines.org,Male,182.134.221.142
462,Lenee,Capponer,lcapponerct@amazon.de,Female,35.113.26.251
463,Morris,Brittan,mbrittancu@privacy.gov.au,Male,235.201.124.182
464,Henrietta,Borles,hborlescv@sohu.com,Female,255.52.43.139
465,Emylee,Stockwell,estockwellcw@mail.ru,Female,76.224.84.199
466,Maggi,Iacobini,miacobinicx@imageshack.us,Female,33.241.35.252
467,Lillis,Haselhurst,lhaselhurstcy@godaddy.com,Female,118.84.162.28
468,Shoshanna,Kilshaw,skilshawcz@theglobeandmail.com,Female,124.224.43.56
469,Berky,Simonich,bsimonichd0@paypal.com,Male,176.253.196.174
470,Dunn,Leishman,dleishmand1@psu.edu,Male,204.173.97.32
471,Colline,Saunper,csaunperd2@narod.ru,Female,87.117.231.241
472,Dorian,Cow,dcowd3@patch.com,Female,107.17.120.48
473,Truda,Senten,tsentend4@china.com.cn,Female,221.191.140.167
474,Delora,Stenning,dstenningd5@hostgator.com,Female,182.128.169.158
475,Florian,D'Ambrogi,fdambrogid6@free.fr,Male,23.196.142.212
476,Ginny,Sherwill,gsherwilld7@webs.com,Female,15.122.139.83
477,Ginny,Mitton,gmittond8@netlog.com,Female,225.57.236.66
478,Christin,Malan,cmaland9@dropbox.com,Female,5.12.141.207
479,Tremain,Paoletti,tpaolettida@census.gov,Male,172.88.20.77
480,Stillmann,McCauley,smccauleydb@issuu.com,Male,240.97.214.23
481,Art,Harrington,aharringtondc@nbcnews.com,Male,185.128.246.44
482,Zollie,Silverlock,zsilverlockdd@tumblr.com,Male,208.227.134.250
483,Michail,Chadbourn,mchadbournde@sakura.ne.jp,Male,244.202.193.67
484,Bethanne,Hattiff,bhattiffdf@delicious.com,Female,124.201.18.226
485,Tait,Bassilashvili,tbassilashvilidg@clickbank.net,Male,18.179.60.8
486,Analise,Husthwaite,ahusthwaitedh@last.fm,Female,231.132.179.237
487,Hardy,Bausor,hbausordi@mail.ru,Genderfluid,56.8.253.168
488,Beitris,Hynd,bhynddj@1und1.de,Female,240.36.73.119
489,Barb,Abercromby,babercrombydk@thetimes.co.uk,Female,108.162.41.138
490,Katrina,Balshen,kbalshendl@spotify.com,Female,223.196.176.244
491,Fielding,O' Timony,fotimonydm@wikimedia.org,Male,202.153.17.137
492,Rosalia,Smallsman,rsmallsmandn@ihg.com,Female,219.11.52.7
493,Barny,Tinker,btinkerdo@pbs.org,Male,151.95.46.172
494,Jeniffer,Garaway,jgarawaydp@google.nl,Non-binary,177.43.203.255
495,Peder,Corrison,pcorrisondq@meetup.com,Agender,239.12.188.27
496,Ericha,Copozio,ecopoziodr@flickr.com,Female,14.1.176.137
497,Reagan,Wallicker,rwallickerds@lycos.com,Male,235.202.212.16
498,Mendie,Dormer,mdormerdt@merriam-webster.com,Male,213.63.106.105
499,Elnore,O'Carroll,eocarrolldu@umn.edu,Female,23.120.55.254
500,Donnamarie,MacGillreich,dmacgillreichdv@spotify.com,Female,5.53.128.15
501,Marcille,Sibly,msiblydw@joomla.org,Female,161.98.202.130
502,Alanna,Keepe,akeepedx@auda.org.au,Female,122.68.177.142
503,Claresta,Ferrar,cferrardy@163.com,Female,116.121.99.223
504,Eleen,Temporal,etemporaldz@barnesandnoble.com,Female,178.181.105.29
505,Creight,Markushkin,cmarkushkine0@independent.co.uk,Genderfluid,185.188.244.206
506,Robina,Petkovic,rpetkovice1@opera.com,Polygender,186.21.160.184
507,Aubree,Nugent,anugente2@nasa.gov,Female,220.118.109.13
508,Corrie,Critzen,ccritzene3@constantcontact.com,Female,43.123.62.65
509,Alma,Wickins,awickinse4@vinaora.com,Genderqueer,173.159.201.49
510,Saundra,Dedam,sdedame5@china.com.cn,Female,68.149.216.35
511,Tracie,Seear,tseeare6@cnbc.com,Male,28.240.25.42
512,Devlin,Isles,dislese7@opensource.org,Male,68.80.97.61
513,Alejoa,Flaxman,aflaxmane8@wiley.com,Male,200.224.114.234
514,Flem,Kitteridge,fkitteridgee9@typepad.com,Male,255.183.80.209
515,Phillida,Magnay,pmagnayea@npr.org,Female,87.121.174.162
516,Vina,Hindge,vhindgeeb@washington.edu,Female,207.213.172.168
517,Tabatha,Maggiori,tmaggioriec@xing.com,Female,119.246.97.189
518,Stanleigh,Esel,seseled@blogger.com,Male,159.245.211.16
519,Benjamin,Ketts,bkettsee@virginia.edu,Male,58.75.117.35
520,Anestassia,Dightham,adighthamef@ted.com,Non-binary,5.112.40.60
521,Phillida,Musson,pmussoneg@hugedomains.com,Female,229.161.123.0
522,Gustav,Reames,greameseh@issuu.com,Male,55.137.66.46
523,Rorke,Lafayette,rlafayetteei@cnbc.com,Male,185.189.132.158
524,Letti,Toomer,ltoomerej@cbc.ca,Female,130.114.61.209
525,Brant,Farres,bfarresek@prnewswire.com,Male,75.114.58.207
526,Rhea,Gladman,rgladmanel@weibo.com,Agender,171.227.86.19
527,Raeann,Moreside,rmoresideem@surveymonkey.com,Female,69.45.232.226
528,Devland,Blasio,dblasioen@hatena.ne.jp,Male,82.1.220.176
529,Scotti,Whitley,swhitleyeo@imdb.com,Male,130.133.60.34
530,Mackenzie,MacPaike,mmacpaikeep@psu.edu,Male,15.33.174.235
531,Tallie,Groarty,tgroartyeq@ted.com,Genderfluid,92.158.120.4
532,Lina,Benedetti,lbenedettier@ifeng.com,Female,102.177.13.175
533,Birgitta,Hollerin,bhollerines@alexa.com,Female,239.19.50.130
534,Care,Smoughton,csmoughtonet@unc.edu,Male,47.96.7.170
535,Garvey,Cadwaladr,gcadwaladreu@answers.com,Male,253.25.46.22
536,Heath,Hakonsen,hhakonsenev@globo.com,Male,37.219.184.18
537,Winnie,Campos,wcamposew@symantec.com,Female,196.183.111.67
538,Polly,Cotgrove,pcotgroveex@biglobe.ne.jp,Female,42.217.210.93
539,Nadeen,Allchin,nallchiney@upenn.edu,Female,225.207.83.123
540,Enrico,Scarr,escarrez@nyu.edu,Male,124.239.239.176
541,Cordy,Bordes,cbordesf0@devhub.com,Male,52.117.123.178
542,Virgie,Bertl,vbertlf1@icq.com,Male,130.113.169.130
543,Salvidor,Balam,sbalamf2@sun.com,Male,232.97.69.13
544,Mendie,Siegertsz,msiegertszf3@disqus.com,Male,208.37.66.111
545,Paton,Hurton,phurtonf4@multiply.com,Male,10.165.35.155
546,Nappie,Westmorland,nwestmorlandf5@scientificamerican.com,Male,50.200.68.42
547,Rik,Herrieven,rherrievenf6@shareasale.com,Non-binary,75.221.41.252
548,Dominique,Haberfield,dhaberfieldf7@ovh.net,Female,65.54.166.217
549,Gorden,Van den Broek,gvandenbroekf8@arstechnica.com,Male,20.8.201.120
550,Cathlene,Paddle,cpaddlef9@php.net,Female,114.16.217.24
551,Emerson,McKibbin,emckibbinfa@exblog.jp,Male,117.209.194.35
552,Gasparo,Bools,gboolsfb@yandex.ru,Male,9.120.199.110
553,Cassaundra,Alloisi,calloisifc@phoca.cz,Female,171.131.36.186
554,Corena,Vogeler,cvogelerfd@amazon.de,Female,191.67.156.67
555,Humfrid,Oliveira,holiveirafe@acquirethisname.com,Male,36.50.47.179
556,Giulietta,Braime,gbraimeff@godaddy.com,Female,75.197.183.87
557,Lilllie,Dimont,ldimontfg@mtv.com,Female,98.56.168.69
558,Izzy,Kasher,ikasherfh@drupal.org,Male,146.25.148.81
559,Law,Jerome,ljeromefi@vistaprint.com,Male,232.252.127.239
560,Myrvyn,Godfroy,mgodfroyfj@about.com,Male,89.228.42.120
561,Bondy,Lody,blodyfk@hp.com,Agender,163.245.214.28
562,Thea,Chesnut,tchesnutfl@about.me,Female,84.117.32.156
563,Ruggiero,Vanne,rvannefm@boston.com,Male,35.151.42.248
564,Demetris,Pichan,dpichanfn@pbs.org,Male,186.119.128.98
565,Devland,Heighway,dheighwayfo@studiopress.com,Male,93.92.185.161
566,Shalne,Seaton,sseatonfp@bandcamp.com,Female,226.181.98.197
567,Gena,Golightly,ggolightlyfq@whitehouse.gov,Female,110.238.153.141
568,Thatch,Grange,tgrangefr@tripod.com,Male,244.48.211.41
569,Brigida,Lardge,blardgefs@yale.edu,Female,114.229.128.143
570,Giffy,Powles,gpowlesft@surveymonkey.com,Male,193.155.177.160
571,Sascha,Collumbell,scollumbellfu@purevolume.com,Female,229.32.60.160
572,Erasmus,Glisenan,eglisenanfv@hugedomains.com,Male,171.91.170.74
573,Fernando,Lockitt,flockittfw@google.es,Male,24.93.165.168
574,Delano,Fromont,dfromontfx@addthis.com,Male,119.77.114.157
575,Emmeline,Dignon,edignonfy@mail.ru,Female,90.135.144.224
576,Bobbe,Morey,bmoreyfz@cocolog-nifty.com,Female,95.95.199.233
577,Giraldo,Kuhnwald,gkuhnwaldg0@java.com,Male,141.30.68.119
578,Clare,Willmett,cwillmettg1@google.fr,Male,169.14.61.165
579,Burr,Bebb,bbebbg2@twitpic.com,Male,41.50.55.144
580,Reinhard,Adamiec,radamiecg3@privacy.gov.au,Male,130.255.187.167
581,Patrizia,Genthner,pgenthnerg4@virginia.edu,Genderfluid,103.109.164.209
582,Raimundo,Barbey,rbarbeyg5@taobao.com,Genderfluid,253.32.138.223
583,Noami,Coote,ncooteg6@bbb.org,Female,227.107.10.192
584,Erena,Fisbburne,efisbburneg7@purevolume.com,Female,108.53.198.109
585,Ingram,Mungane,imunganeg8@uiuc.edu,Male,74.51.46.128
586,Gustie,Strawbridge,gstrawbridgeg9@sogou.com,Female,74.202.203.222
587,Hermie,Kisbey,hkisbeyga@latimes.com,Male,190.8.144.209
588,Martita,Ryhorovich,mryhorovichgb@cisco.com,Female,231.92.51.243
589,Tiebold,Briat,tbriatgc@house.gov,Male,243.213.5.224
590,Hedda,MacDermand,hmacdermandgd@is.gd,Female,192.239.203.52
591,Regina,L'Homme,rlhommege@usnews.com,Female,251.17.156.133
592,Berta,Howselee,bhowseleegf@imdb.com,Female,107.30.95.207
593,Lissy,Huge,lhugegg@toplist.cz,Female,107.14.224.184
594,Garrik,Bullion,gbulliongh@aol.com,Male,92.114.150.45
595,Garrett,Kilbourne,gkilbournegi@fema.gov,Male,44.105.188.107
596,Hammad,Wapples,hwapplesgj@weather.com,Male,83.179.25.25
597,Johanna,Ilyushkin,jilyushkingk@about.com,Genderfluid,168.66.254.135
598,Vachel,Gosswell,vgosswellgl@apple.com,Male,45.172.1.96
599,Trenna,Szanto,tszantogm@dell.com,Female,72.74.205.160
600,Stephen,Oakenford,soakenfordgn@angelfire.com,Non-binary,179.250.88.143
601,Aurore,Stain,astaingo@ocn.ne.jp,Female,18.172.73.229
602,Jonathan,Huge,jhugegp@cornell.edu,Male,193.68.223.239
603,Redd,Ossipenko,rossipenkogq@microsoft.com,Male,6.116.139.232
604,Berry,Grzesiewicz,bgrzesiewiczgr@guardian.co.uk,Female,64.179.226.116
605,Merralee,Dickins,mdickinsgs@mediafire.com,Female,48.189.132.205
606,Dorothy,Balazot,dbalazotgt@alexa.com,Female,122.54.53.35
607,Prentice,Sandyfirth,psandyfirthgu@craigslist.org,Male,190.202.179.225
608,Mimi,Humber,mhumbergv@networkadvertising.org,Female,161.179.18.152
609,Yolanthe,Rockwill,yrockwillgw@tuttocitta.it,Female,186.244.30.204
610,Sheree,Baldcock,sbaldcockgx@ehow.com,Female,117.226.37.57
611,Gabriello,Silvers,gsilversgy@delicious.com,Male,242.66.107.6
612,Parnell,Romaint,promaintgz@cafepress.com,Male,223.130.184.205
613,Ella,Danher,edanherh0@barnesandnoble.com,Female,118.103.238.178
614,Andrey,Treadway,atreadwayh1@reference.com,Male,170.99.130.147
615,Billy,Haborn,bhabornh2@domainmarket.com,Male,0.144.229.238
616,Giulio,Champe,gchampeh3@engadget.com,Male,70.63.207.149
617,Tann,Bolden,tboldenh4@netvibes.com,Male,192.200.99.180
618,Elliot,Kelwick,ekelwickh5@cnn.com,Male,184.198.130.74
619,Ethyl,Garland,egarlandh6@apache.org,Female,131.83.235.192
620,Joli,Lahive,jlahiveh7@indiatimes.com,Female,206.187.121.202
621,Martica,Heaney,mheaneyh8@acquirethisname.com,Female,142.4.184.153
622,Chris,Radbourne,cradbourneh9@vistaprint.com,Male,151.192.255.16
623,Annette,Mc Caughen,amccaughenha@yandex.ru,Female,15.54.212.219
624,Donavon,Bruyett,dbruyetthb@squidoo.com,Genderqueer,79.177.177.75
625,Gilles,Ciotti,gciottihc@histats.com,Agender,181.18.89.237
626,Freemon,Bramley,fbramleyhd@wiley.com,Agender,233.236.19.124
627,Kristy,Izakof,kizakofhe@theatlantic.com,Female,147.162.118.88
628,Vasilis,Jovanovic,vjovanovichf@hubpages.com,Male,224.209.150.3
629,Linoel,Antoniutti,lantoniuttihg@tiny.cc,Male,121.181.45.33
630,Carree,Weatherall,cweatherallhh@sciencedirect.com,Female,18.230.246.105
631,Margarete,Cardenosa,mcardenosahi@sakura.ne.jp,Female,85.88.198.208
632,Karlis,Thomson,kthomsonhj@csmonitor.com,Male,176.49.56.68
633,Jeannie,Sivess,jsivesshk@bluehost.com,Female,175.43.151.28
634,Pancho,Lawrenceson,plawrencesonhl@i2i.jp,Male,151.86.197.181
635,Bevan,Mannakee,bmannakeehm@myspace.com,Male,123.196.122.34
636,Willy,Lowman,wlowmanhn@ft.com,Male,140.249.75.98
637,Oliviero,Hawgood,ohawgoodho@netvibes.com,Male,161.195.239.137
638,Jedidiah,Vanyatin,jvanyatinhp@xinhuanet.com,Male,160.156.62.49
639,Celine,Kirley,ckirleyhq@hibu.com,Bigender,181.4.81.37
640,Tommie,Lewin,tlewinhr@dagondesign.com,Female,18.141.166.190
641,Bartholomew,Hickisson,bhickissonhs@webnode.com,Non-binary,92.93.51.237
642,Van,Handke,vhandkeht@shop-pro.jp,Male,61.84.175.154
643,Orton,McTerrelly,omcterrellyhu@yellowbook.com,Male,193.37.143.18
644,Noni,Gaunt,ngaunthv@europa.eu,Female,225.175.36.84
645,Isaak,Gofton,igoftonhw@usa.gov,Male,143.120.135.99
646,Georgeanne,Preuvost,gpreuvosthx@apache.org,Female,148.101.68.109
647,Ryun,Khomich,rkhomichhy@meetup.com,Male,56.198.214.213
648,Ophelie,Torrent,otorrenthz@google.fr,Female,90.250.143.137
649,Erhart,Chinnick,echinnicki0@wunderground.com,Male,114.104.194.79
650,Nap,Bonass,nbonassi1@nsw.gov.au,Male,9.102.41.168
651,Dorene,Atwill,datwilli2@prweb.com,Female,156.65.0.188
652,Karia,Minihane,kminihanei3@thetimes.co.uk,Female,84.69.58.56
653,Dolph,Pacht,dpachti4@usnews.com,Male,30.105.1.90
654,Ines,McQuorkell,imcquorkelli5@xinhuanet.com,Female,211.144.90.148
655,Harwell,Ruzek,hruzeki6@tmall.com,Male,16.96.36.9
656,Keelby,Rangle,kranglei7@lycos.com,Male,34.228.22.162
657,Nikki,Petriello,npetrielloi8@networksolutions.com,Male,149.217.130.156
658,Anatole,Pavy,apavyi9@list-manage.com,Male,29.21.76.230
659,Farris,Broun,fbrounia@google.co.jp,Male,116.11.153.176
660,Edgard,Dillet,edilletib@thetimes.co.uk,Male,87.215.207.66
661,Tommy,Dassindale,tdassindaleic@usda.gov,Female,212.12.148.38
662,Shaine,Masarrat,smasarratid@godaddy.com,Male,148.22.214.118
663,Lela,Yexley,lyexleyie@gov.uk,Female,109.164.196.103
664,Augusta,Belvard,abelvardif@un.org,Female,199.66.202.9
665,Lorens,Cyson,lcysonig@is.gd,Male,34.177.203.251
666,Farlee,Buff,fbuffih@altervista.org,Male,192.144.123.162
667,Duff,Southcoat,dsouthcoatii@cdc.gov,Agender,36.0.194.112
668,Waylan,Minico,wminicoij@shop-pro.jp,Bigender,190.153.152.147
669,Maitilde,Basezzi,mbasezziik@mayoclinic.com,Female,181.48.209.140
670,Gracia,Holleran,gholleranil@storify.com,Female,53.102.19.167
671,Osbourne,Bootton,oboottonim@dailymail.co.uk,Male,12.25.78.21
672,Abie,Bendik,abendikin@skyrock.com,Male,38.246.139.22
673,Roy,Felgate,rfelgateio@vkontakte.ru,Male,204.50.255.211
674,Batholomew,Itzkovsky,bitzkovskyip@state.gov,Male,144.51.16.4
675,Manfred,Burril,mburriliq@wikimedia.org,Male,81.114.142.175
676,Rosella,Greated,rgreatedir@barnesandnoble.com,Genderfluid,68.232.68.93
677,Arlyne,Skeldon,askeldonis@kickstarter.com,Female,215.253.21.24
678,Carl,Wringe,cwringeit@creativecommons.org,Male,195.175.222.108
679,Wayland,Fromant,wfromantiu@gov.uk,Male,122.250.177.208
680,Sophie,McGragh,smcgraghiv@umich.edu,Female,34.132.177.62
681,Armand,Pennrington,apennringtoniw@deliciousdays.com,Male,75.62.176.90
682,Creigh,Brauns,cbraunsix@networkadvertising.org,Male,165.62.210.76
683,Randell,Naisby,rnaisbyiy@webmd.com,Male,165.5.103.43
684,Wendie,Purcell,wpurcelliz@miitbeian.gov.cn,Female,212.116.124.4
685,Rob,Yearnsley,ryearnsleyj0@cafepress.com,Male,204.124.88.205
686,Park,Liley,plileyj1@wordpress.com,Male,90.117.189.170
687,Hillie,Durtnall,hdurtnallj2@japanpost.jp,Male,174.25.10.205
688,Aidan,Leyninye,aleyninyej3@wordpress.org,Female,75.5.146.59
689,Josey,Tween,jtweenj4@hugedomains.com,Female,13.184.163.172
690,Peta,Cocker,pcockerj5@slideshare.net,Female,36.253.10.163
691,Laure,Clouter,lclouterj6@github.io,Female,5.95.228.95
692,Tanney,Aloigi,taloigij7@blogs.com,Male,140.211.119.133
693,Darcie,Klebes,dklebesj8@cpanel.net,Non-binary,112.9.39.185
694,Mort,Frazer,mfrazerj9@google.ru,Male,115.118.167.132
695,Rourke,Kite,rkiteja@infoseek.co.jp,Male,165.59.119.155
696,Sybila,Aleevy,saleevyjb@redcross.org,Female,140.89.60.192
697,Skye,Ponceford,sponcefordjc@elegantthemes.com,Male,135.150.182.79
698,Loria,Edmonson,ledmonsonjd@google.com.au,Female,43.98.95.197
699,Roxi,Yerbury,ryerburyje@cargocollective.com,Female,131.10.9.41
700,Nadya,Creggan,ncregganjf@rambler.ru,Female,252.137.126.93
701,Salim,Fogden,sfogdenjg@reverbnation.com,Male,48.247.117.76
702,Gill,Johanssen,gjohanssenjh@redcross.org,Male,228.245.131.234
703,Lacey,Donat,ldonatji@discovery.com,Female,211.143.206.97
704,Benny,Terne,bternejj@stanford.edu,Female,99.12.6.123
705,Dasi,Cornick,dcornickjk@netlog.com,Female,105.252.246.45
706,Rockey,Wilfling,rwilflingjl@who.int,Male,192.228.249.16
707,Milt,Powelee,mpoweleejm@apple.com,Male,195.21.222.234
708,Mayer,Lyster,mlysterjn@ft.com,Male,200.247.171.178
709,Garvin,Fillingham,gfillinghamjo@businessinsider.com,Male,24.36.32.79
710,Cleon,Chainey,cchaineyjp@blogspot.com,Male,123.87.252.111
711,Ethelred,Hush,ehushjq@jugem.jp,Male,160.142.128.40
712,Dagmar,Halton,dhaltonjr@mozilla.com,Bigender,34.163.33.245
713,Maxwell,Piola,mpiolajs@ehow.com,Male,230.57.170.44
714,Mellie,Woolham,mwoolhamjt@state.tx.us,Female,4.211.152.11
715,Mayne,Apperley,mapperleyju@sfgate.com,Male,120.19.18.90
716,Domini,Karran,dkarranjv@cloudflare.com,Female,14.144.64.122
717,Vergil,Eddy,veddyjw@google.fr,Male,118.229.170.245
718,Fianna,Feilden,ffeildenjx@fc2.com,Female,203.165.161.32
719,Godwin,Goford,ggofordjy@microsoft.com,Male,228.51.176.94
720,Romonda,Claige,rclaigejz@dropbox.com,Female,137.5.109.234
721,Alain,Simm,asimmk0@sakura.ne.jp,Male,145.113.106.69
722,Zita,Grigoroni,zgrigoronik1@timesonline.co.uk,Female,206.104.160.57
723,Paulie,Alecock,palecockk2@yale.edu,Male,1.104.19.169
724,Jasun,Douche,jdouchek3@yellowbook.com,Male,0.101.121.139
725,Roarke,Martill,rmartillk4@lulu.com,Non-binary,227.155.209.110
726,Guntar,Leborgne,gleborgnek5@nih.gov,Male,68.79.252.5
727,Kordula,Zorer,kzorerk6@cbsnews.com,Female,107.204.35.164
728,Ennis,MacLeod,emacleodk7@amazonaws.com,Male,51.192.223.214
729,Clint,Aulds,cauldsk8@tiny.cc,Male,17.14.143.190
730,Katharina,Bryers,kbryersk9@cdc.gov,Female,78.213.190.132
731,Dianne,Ingledow,dingledowka@admin.ch,Genderfluid,120.223.233.153
732,Urbano,Andreotti,uandreottikb@ezinearticles.com,Male,131.19.198.64
733,Henrietta,Clingan,hclingankc@si.edu,Female,245.171.191.230
734,Erhard,Pods,epodskd@nydailynews.com,Male,217.99.231.198
735,Betsy,Renyard,brenyardke@discuz.net,Female,15.196.51.208
736,Eward,Blankley,eblankleykf@wikia.com,Male,40.77.198.96
737,Toddy,Verduin,tverduinkg@diigo.com,Male,192.109.48.85
738,Marylou,Tattoo,mtattookh@cdbaby.com,Female,49.162.27.228
739,Genia,Robillart,grobillartki@tripadvisor.com,Female,216.188.248.98
740,Lavena,Seel,lseelkj@admin.ch,Female,96.190.164.59
741,Morton,Mundwell,mmundwellkk@shareasale.com,Male,39.147.133.173
742,Enos,Assandri,eassandrikl@cam.ac.uk,Male,113.119.44.50
743,Demetri,Mordey,dmordeykm@constantcontact.com,Male,103.72.232.234
744,Bree,Wilber,bwilberkn@a8.net,Female,105.111.108.97
745,Emili,Issatt,eissattko@altervista.org,Female,13.80.112.1
746,Estele,Lakenden,elakendenkp@timesonline.co.uk,Genderfluid,217.77.137.234
747,Danella,Dowtry,ddowtrykq@elpais.com,Female,70.232.105.43
748,Esdras,Simenot,esimenotkr@arizona.edu,Male,253.52.50.175
749,Sherwin,Wathall,swathallks@webmd.com,Male,226.178.223.159
750,Trev,Raistrick,traistrickkt@163.com,Male,42.20.127.31
751,Emmit,Gaspard,egaspardku@google.ru,Male,82.19.253.45
752,Roma,Nitti,rnittikv@pen.io,Male,3.36.24.15
753,Rupert,Heisler,rheislerkw@uiuc.edu,Male,239.172.201.161
754,Prince,Steffan,psteffankx@baidu.com,Male,162.150.64.120
755,Ebenezer,Pastor,epastorky@miitbeian.gov.cn,Male,140.191.104.115
756,Floyd,Studdard,fstuddardkz@java.com,Male,159.101.252.46
757,Aldwin,Palphreyman,apalphreymanl0@twitter.com,Genderqueer,222.2.100.239
758,Nestor,Tonsley,ntonsleyl1@github.com,Male,191.115.223.157
759,Dare,Jendas,djendasl2@surveymonkey.com,Male,76.105.249.134
760,Eimile,Kuhndel,ekuhndell3@msu.edu,Non-binary,34.32.102.228
761,Ludovico,Anstie,lanstiel4@spotify.com,Male,182.208.18.40
762,Mayor,Killen,mkillenl5@wiley.com,Male,176.96.169.139
763,Ulrick,Southcomb,usouthcombl6@ibm.com,Male,200.42.235.139
764,Robb,Domaschke,rdomaschkel7@gmpg.org,Male,69.247.150.53
765,Eleen,Petrasek,epetrasekl8@hao123.com,Female,195.110.77.207
766,Ketty,Kubu,kkubul9@msu.edu,Female,68.57.64.177
767,Nanice,Wiszniewski,nwiszniewskila@xinhuanet.com,Female,236.152.193.160
768,Gerianne,Baser,gbaserlb@myspace.com,Female,225.107.67.39
769,Dolores,Georgius,dgeorgiuslc@biglobe.ne.jp,Female,239.77.121.47
770,Yasmeen,Berrisford,yberrisfordld@gnu.org,Bigender,54.203.159.1
771,Abbott,Kira,akirale@printfriendly.com,Agender,154.117.5.206
772,Renata,Millery,rmillerylf@wired.com,Female,163.22.80.67
773,Kerry,Guyver,kguyverlg@earthlink.net,Male,250.17.142.144
774,Waite,Bounds,wboundslh@technorati.com,Male,2.138.2.155
775,Birgit,Starr,bstarrli@va.gov,Polygender,201.207.145.176
776,Loella,Farrans,lfarranslj@mlb.com,Female,210.122.117.133
777,Eben,Shulver,eshulverlk@myspace.com,Male,115.15.208.43
778,Karlan,Ceaser,kceaserll@umich.edu,Male,85.158.147.174
779,Bobbie,Hudspeth,bhudspethlm@yellowpages.com,Female,48.35.57.202
780,Willette,Nice,wniceln@ocn.ne.jp,Female,228.99.142.202
781,Valera,Dedrick,vdedricklo@youku.com,Female,125.171.233.59
782,Padget,Butterley,pbutterleylp@netscape.com,Male,168.164.87.224
783,Israel,Headington,iheadingtonlq@bizjournals.com,Male,247.195.144.248
784,Valerye,Jose,vjoselr@feedburner.com,Female,29.115.42.3
785,Benito,Cuming,bcumingls@t.co,Male,189.85.0.41
786,Ninnetta,Olphert,nolphertlt@de.vu,Female,75.114.77.15
787,Viki,Hoys,vhoyslu@netvibes.com,Female,149.152.44.210
788,Filippo,Phinn,fphinnlv@sciencedaily.com,Male,223.115.186.73
789,Hana,Dionisi,hdionisilw@latimes.com,Female,93.186.181.17
790,Darcee,Hallawell,dhallawelllx@ucla.edu,Female,194.188.235.182
791,Deanne,Tallquist,dtallquistly@reference.com,Female,174.239.185.254
792,Lorain,Tregenna,ltregennalz@nih.gov,Female,134.54.68.116
793,Celka,McGuirk,cmcguirkm0@blinklist.com,Female,181.209.50.124
794,Nickie,Truss,ntrussm1@chronoengine.com,Male,54.221.135.140
795,Stanislaw,Kulicke,skulickem2@4shared.com,Male,12.102.99.15
796,Dina,Haberfield,dhaberfieldm3@yelp.com,Female,37.95.105.192
797,Tremayne,Reilinger,treilingerm4@ftc.gov,Male,74.224.24.153
798,Marna,Sprowles,msprowlesm5@w3.org,Female,49.142.70.235
799,Teresa,Marcinkus,tmarcinkusm6@sfgate.com,Female,11.142.87.78
800,Chantal,Delahunty,cdelahuntym7@hostgator.com,Agender,73.224.116.17
801,Stavros,Carverhill,scarverhillm8@mysql.com,Male,209.203.105.201
802,Sylas,Lyptratt,slyptrattm9@wordpress.com,Male,183.117.144.215
803,Zach,Bisterfeld,zbisterfeldma@house.gov,Male,153.103.144.247
804,Byron,Tremain,btremainmb@geocities.jp,Male,3.122.70.176
805,Cleon,Letson,cletsonmc@odnoklassniki.ru,Male,50.114.193.201
806,Elsie,Cowlas,ecowlasmd@fotki.com,Female,193.10.71.164
807,Garwin,Croxall,gcroxallme@surveymonkey.com,Male,36.33.190.195
808,Moses,Frenzel;,mfrenzelmf@businessweek.com,Male,200.236.230.232
809,Madison,Yoxall,myoxallmg@ycombinator.com,Male,194.252.234.83
810,Bucky,Grayley,bgrayleymh@istockphoto.com,Male,44.76.8.244
811,Fowler,Armatidge,farmatidgemi@vk.com,Male,45.253.134.15
812,Preston,de Verson,pdeversonmj@163.com,Male,9.22.162.222
813,Elinor,Lamden,elamdenmk@redcross.org,Female,36.99.57.81
814,Brett,MacDonogh,bmacdonoghml@altervista.org,Male,205.123.118.135
815,Barny,Piesing,bpiesingmm@networkadvertising.org,Bigender,170.202.11.86
816,Nichols,Showl,nshowlmn@hud.gov,Male,30.200.124.209
817,Marcela,Stanbury,mstanburymo@amazon.de,Female,12.26.103.99
818,Chelsy,Dever,cdevermp@telegraph.co.uk,Female,191.110.34.249
819,Obie,Naerup,onaerupmq@about.me,Male,78.150.134.68
820,Chas,Teasey,cteaseymr@arizona.edu,Male,166.107.253.51
821,Vincenty,Dutnall,vdutnallms@discuz.net,Male,215.252.29.52
822,Vin,Chelam,vchelammt@gov.uk,Male,152.13.121.34
823,Zarah,Schrinel,zschrinelmu@rakuten.co.jp,Female,99.152.10.242
824,Karee,Hawyes,khawyesmv@ihg.com,Female,45.83.100.81
825,Inigo,Huxtable,ihuxtablemw@illinois.edu,Male,220.216.123.8
826,Der,Hamblin,dhamblinmx@livejournal.com,Male,95.199.80.52
827,Ellynn,Dresser,edressermy@seesaa.net,Female,209.71.189.171
828,Trudie,Ealam,tealammz@mail.ru,Female,149.223.245.124
829,Konstanze,Jone,kjonen0@paginegialle.it,Female,115.193.67.238
830,Dorolice,Crimin,dcriminn1@theatlantic.com,Female,195.9.118.61
831,Phedra,Greenhowe,pgreenhowen2@examiner.com,Female,205.193.136.215
832,Annamarie,Samper,asampern3@bizjournals.com,Female,199.165.54.123
833,Heidi,Clibbery,hclibberyn4@google.nl,Female,160.53.144.131
834,Henri,Teml,htemln5@nature.com,Genderqueer,243.56.210.137
835,Barn,Wakelin,bwakelinn6@wsj.com,Male,26.226.48.107
836,Melody,Jumonet,mjumonetn7@home.pl,Female,24.53.197.217
837,Arlan,Marsie,amarsien8@sciencedirect.com,Male,16.239.42.100
838,Mirilla,Burleton,mburletonn9@macromedia.com,Female,32.10.28.126
839,Trevor,Varns,tvarnsna@t.co,Male,70.145.162.37
840,Carmela,Doornbos,cdoornbosnb@slashdot.org,Female,167.160.220.46
841,Noellyn,Scales,nscalesnc@domainmarket.com,Female,134.64.29.199
842,Marsh,Shingles,mshinglesnd@marketwatch.com,Male,237.120.118.139
843,Bernice,Brazil,bbrazilne@jugem.jp,Female,130.223.4.85
844,Adelaide,MacUchadair,amacuchadairnf@gizmodo.com,Female,222.240.248.157
845,Appolonia,Clive,acliveng@mail.ru,Female,183.101.66.181
846,Elvyn,Chiene,echienenh@reuters.com,Male,38.196.68.69
847,Martie,Kibble,mkibbleni@elpais.com,Female,144.92.45.238
848,Koenraad,Fahrenbach,kfahrenbachnj@gnu.org,Male,3.224.173.211
849,Tomas,Boyton,tboytonnk@slashdot.org,Male,16.111.188.62
850,Aurilia,Rickardsson,arickardssonnl@vistaprint.com,Non-binary,179.28.99.22
851,Durward,Gingedale,dgingedalenm@biglobe.ne.jp,Male,100.186.6.237
852,Marthe,Enever,menevernn@theguardian.com,Female,86.88.66.178
853,Ody,Burren,oburrenno@toplist.cz,Male,194.112.143.13
854,Lizzy,Posselt,lposseltnp@umn.edu,Female,0.110.78.130
855,Corny,Duffyn,cduffynnq@google.ca,Male,49.245.108.137
856,Travus,Ison,tisonnr@alibaba.com,Male,187.179.230.68
857,Kirby,Wyborn,kwybornns@printfriendly.com,Male,13.216.151.94
858,Myrvyn,Bamblett,mbamblettnt@mit.edu,Male,212.182.104.213
859,Devonne,Tebbitt,dtebbittnu@economist.com,Female,30.222.219.255
860,Jacqui,Sill,jsillnv@sitemeter.com,Female,27.139.175.216
861,Guilbert,Franscioni,gfranscioninw@acquirethisname.com,Bigender,148.163.147.155
862,Haley,Taylo,htaylonx@wordpress.org,Female,88.9.230.52
863,Christabel,Heinig,cheinigny@timesonline.co.uk,Female,111.110.166.132
864,Nicholle,Meneyer,nmeneyernz@xinhuanet.com,Bigender,8.123.144.221
865,Phil,Reape,preapeo0@furl.net,Non-binary,98.251.23.8
866,Arda,Minico,aminicoo1@nbcnews.com,Female,10.86.77.255
867,Koo,Van den Bosch,kvandenboscho2@dion.ne.jp,Female,252.139.136.79
868,Bertram,Barnwell,bbarnwello3@intel.com,Male,91.192.222.14
869,Coriss,Dadge,cdadgeo4@imgur.com,Genderfluid,251.146.143.177
870,Marris,Ascrofte,mascrofteo5@earthlink.net,Female,48.102.143.36
871,Lyssa,Tucsell,ltucsello6@wiley.com,Female,139.14.87.186
872,Davidde,Izen,dizeno7@newsvine.com,Male,21.215.142.183
873,Rolf,Papachristophorou,rpapachristophorouo8@pen.io,Male,91.113.8.39
874,Starr,Tourle,stourleo9@earthlink.net,Female,90.71.31.44
875,Brittany,Kimbley,bkimbleyoa@sitemeter.com,Female,52.200.5.69
876,Garnette,Lovstrom,glovstromob@is.gd,Female,182.200.118.102
877,Danika,Toffaloni,dtoffalonioc@ifeng.com,Female,228.187.193.97
878,Charlie,Gennerich,cgennerichod@homestead.com,Male,144.212.248.48
879,Hugh,Vaggers,hvaggersoe@unicef.org,Male,128.149.66.225
880,Shelagh,Lowndesbrough,slowndesbroughof@census.gov,Female,205.14.9.1
881,Julie,Falkous,jfalkousog@parallels.com,Non-binary,155.192.147.24
882,Zelig,Blakden,zblakdenoh@over-blog.com,Male,233.245.54.23
883,Dion,McMechan,dmcmechanoi@yelp.com,Male,109.42.226.8
884,Laurent,Springate,lspringateoj@wikia.com,Male,59.31.86.157
885,Alana,Phillp,aphillpok@archive.org,Female,41.106.180.29
886,Drusie,Waplinton,dwaplintonol@istockphoto.com,Female,135.236.143.35
887,Barret,Rosterne,brosterneom@adobe.com,Male,33.44.224.229
888,Drud,Espinal,despinalon@seesaa.net,Male,83.101.142.92
889,Tades,Derham,tderhamoo@bizjournals.com,Male,110.48.160.112
890,Debbie,Osborne,dosborneop@walmart.com,Female,78.167.142.16
891,Berry,McBrearty,bmcbreartyoq@ebay.co.uk,Female,102.144.194.112
892,Channa,Wimbridge,cwimbridgeor@163.com,Female,229.126.28.17
893,Patrice,Caurah,pcaurahos@fastcompany.com,Female,58.91.161.235
894,Bobine,Francecione,bfrancecioneot@jugem.jp,Female,13.230.242.94
895,Athene,Graybeal,agraybealou@wiley.com,Agender,162.138.44.77
896,Charmian,Teasdale-Markie,cteasdalemarkieov@delicious.com,Female,175.21.151.212
897,Lucas,Hardisty,lhardistyow@marriott.com,Male,26.151.14.239
898,Gustav,Aubry,gaubryox@amazon.co.uk,Male,52.124.116.217
899,Anallise,Bakster,abaksteroy@usatoday.com,Female,81.137.243.76
900,Napoleon,Neill,nneilloz@cnet.com,Male,39.246.73.111
901,Marena,Suddick,msuddickp0@gov.uk,Genderqueer,249.89.125.155
902,Barde,Goosey,bgooseyp1@buzzfeed.com,Male,211.27.186.176
903,Cecile,Kroch,ckrochp2@furl.net,Female,32.211.22.68
904,Aime,Sheere,asheerep3@sbwire.com,Female,44.68.110.126
905,Yancey,Cufley,ycufleyp4@cam.ac.uk,Male,98.132.201.115
906,Cleveland,Dietsche,cdietschep5@behance.net,Male,181.179.89.103
907,Vikki,Redwing,vredwingp6@dropbox.com,Female,116.196.80.98
908,Alvan,Sweatland,asweatlandp7@twitter.com,Male,217.130.121.104
909,Cosme,Lettsom,clettsomp8@delicious.com,Male,170.243.226.99
910,Meggy,Dackombe,mdackombep9@sakura.ne.jp,Female,154.67.182.184
911,Percival,Thurske,pthurskepa@ucla.edu,Male,67.16.236.252
912,Torrence,Chinnick,tchinnickpb@about.com,Male,42.229.214.90
913,Ron,Rays,rrayspc@gnu.org,Male,224.145.15.79
914,Roseanna,Bonny,rbonnypd@digg.com,Female,221.33.168.194
915,Ivette,Demoge,idemogepe@etsy.com,Female,4.238.23.101
916,Jimmie,Rosenfelder,jrosenfelderpf@squarespace.com,Male,244.210.1.169
917,Douglass,Bodimeade,dbodimeadepg@tiny.cc,Male,63.139.151.74
918,Avrit,Raynor,araynorph@tinyurl.com,Female,197.79.58.152
919,Costa,Brumfield,cbrumfieldpi@e-recht24.de,Male,243.65.78.211
920,Wilow,Nussii,wnussiipj@spotify.com,Female,246.187.234.56
921,Cheslie,Kaplin,ckaplinpk@is.gd,Female,248.180.133.220
922,Samson,Briars,sbriarspl@nhs.uk,Male,9.219.149.220
923,Melany,Perroni,mperronipm@imdb.com,Female,133.211.160.11
924,Wylie,Abrahamsen,wabrahamsenpn@ask.com,Male,149.123.27.138
925,Rubina,Cavanaugh,rcavanaughpo@hostgator.com,Female,218.37.21.95
926,Delilah,McRobert,dmcrobertpp@state.tx.us,Female,134.225.215.119
927,Harrietta,Dalgardno,hdalgardnopq@facebook.com,Female,233.4.228.203
928,Yvor,MacAdie,ymacadiepr@google.ru,Male,168.82.248.199
929,Dunstan,Kinsell,dkinsellps@smugmug.com,Male,15.34.241.213
930,Marilyn,Tiffin,mtiffinpt@tinypic.com,Female,65.210.184.192
931,Becki,Tunstall,btunstallpu@cdbaby.com,Female,86.183.224.136
932,Dalis,Tiron,dtironpv@hubpages.com,Male,247.47.10.174
933,Pinchas,Jewett,pjewettpw@xinhuanet.com,Male,55.187.188.67
934,Lynn,Hargie,lhargiepx@nymag.com,Female,250.179.201.0
935,Dasi,Woodrow,dwoodrowpy@nature.com,Female,68.227.64.143
936,Creigh,Bonde,cbondepz@webnode.com,Male,211.58.67.251
937,Ariel,Gorger,agorgerq0@com.com,Male,198.247.175.93
938,Kale,Scough,kscoughq1@redcross.org,Male,199.209.155.139
939,Perceval,Forseith,pforseithq2@biblegateway.com,Male,8.245.206.63
940,Ulrica,Kirk,ukirkq3@163.com,Female,172.254.98.255
941,Dollie,Ramlot,dramlotq4@dot.gov,Female,234.201.202.176
942,Warde,Mulholland,wmulhollandq5@europa.eu,Male,0.155.45.55
943,Gaby,Erdis,gerdisq6@sciencedaily.com,Male,218.203.88.108
944,Ambrose,Francescone,afrancesconeq7@answers.com,Male,179.219.166.195
945,Killian,Johansen,kjohansenq8@springer.com,Male,236.89.96.188
946,Kleon,Berrey,kberreyq9@quantcast.com,Male,55.215.215.27
947,Judye,Hutchings,jhutchingsqa@icq.com,Bigender,92.223.254.228
948,Dorette,Threadgill,dthreadgillqb@youku.com,Female,75.99.69.102
949,Alwyn,Rennocks,arennocksqc@skyrock.com,Male,196.25.14.234
950,Edwin,Sweetsur,esweetsurqd@youku.com,Male,1.77.236.255
951,Kaleb,Scammonden,kscammondenqe@sun.com,Male,99.85.119.178
952,Merwyn,Mustchin,mmustchinqf@mashable.com,Male,14.11.206.158
953,Zea,Woodrough,zwoodroughqg@cisco.com,Female,105.44.156.8
954,Jecho,Crim,jcrimqh@shinystat.com,Male,149.239.200.234
955,Evyn,Kestle,ekestleqi@wufoo.com,Male,20.236.70.133
956,Peggy,Loades,ploadesqj@nydailynews.com,Female,172.236.232.167
957,Yuma,Woolf,ywoolfqk@thetimes.co.uk,Male,222.71.161.118
958,Gerek,Mellodey,gmellodeyql@instagram.com,Male,137.117.226.3
959,Dasya,Townend,dtownendqm@sciencedaily.com,Female,158.220.149.183
960,Adolphus,Broxap,abroxapqn@joomla.org,Male,52.134.19.142
961,Jedediah,Lingfoot,jlingfootqo@xrea.com,Male,229.40.196.191
962,Giorgi,Grimmett,ggrimmettqp@wikimedia.org,Male,156.142.146.231
963,Orrin,Grigorian,ogrigorianqq@bandcamp.com,Male,249.132.240.242
964,Kasey,Dickon,kdickonqr@goo.ne.jp,Female,241.121.207.232
965,Rex,Bellison,rbellisonqs@google.com.au,Bigender,244.224.180.234
966,Tynan,Dusey,tduseyqt@liveinternet.ru,Male,63.44.245.122
967,Desiree,Sear,dsearqu@uiuc.edu,Female,111.52.64.12
968,Jinny,Cridlon,jcridlonqv@eventbrite.com,Genderfluid,7.182.159.42
969,Aaren,Pady,apadyqw@netlog.com,Female,175.30.185.67
970,Mattheus,Hallen,mhallenqx@statcounter.com,Male,147.93.69.170
971,Salim,Yearnsley,syearnsleyqy@examiner.com,Genderqueer,235.226.107.95
972,Robby,Veldman,rveldmanqz@angelfire.com,Female,178.244.69.135
973,Joella,Boick,jboickr0@jigsy.com,Genderfluid,73.56.132.227
974,Sheila,Instock,sinstockr1@cargocollective.com,Female,205.177.210.152
975,Durand,Sturzaker,dsturzakerr2@google.co.jp,Male,54.249.34.203
976,Sherill,Bickle,sbickler3@eventbrite.com,Female,121.115.188.57
977,Harley,Filipychev,hfilipychevr4@hud.gov,Genderqueer,104.91.77.107
978,Rochester,Pinnell,rpinnellr5@nsw.gov.au,Male,66.45.142.225
979,Cody,Python,cpythonr6@barnesandnoble.com,Male,29.197.6.218
980,Rudiger,Dalmon,rdalmonr7@globo.com,Male,5.7.242.148
981,Erinn,Titt,etittr8@mozilla.com,Female,180.49.168.185
982,Asa,Polleye,apolleyer9@squarespace.com,Male,41.214.152.3
983,Brooke,Lovel,blovelra@imgur.com,Male,235.14.103.219
984,Timmy,McKeighen,tmckeighenrb@answers.com,Male,159.182.255.95
985,Daffie,Haycraft,dhaycraftrc@mail.ru,Female,82.67.76.7
986,Humbert,Bagger,hbaggerrd@rediff.com,Male,232.170.17.98
987,Townsend,Gallelli,tgallellire@uiuc.edu,Male,173.216.228.83
988,Nevsa,Messier,nmessierrf@ning.com,Female,157.74.20.9
989,Lauraine,Mynard,lmynardrg@narod.ru,Female,184.125.47.8
990,Ernestine,Barber,ebarberrh@eventbrite.com,Female,80.25.21.7
991,Roslyn,Frankcomb,rfrankcombri@mtv.com,Female,161.170.109.148
992,Chickie,Larrett,clarrettrj@cnbc.com,Female,188.89.127.217
993,Clarisse,Daddow,cdaddowrk@cloudflare.com,Female,222.69.134.135
994,Selby,Jones,sjonesrl@odnoklassniki.ru,Male,119.249.143.192
995,Anders,Waters,awatersrm@ocn.ne.jp,Male,23.111.227.48
996,Paxon,Hanlin,phanlinrn@jiathis.com,Male,196.127.93.196
997,Callie,Gutowski,cgutowskiro@arstechnica.com,Female,82.57.250.114
998,Borg,Levene,blevenerp@thetimes.co.uk,Male,187.32.229.153
999,Andrea,Standeven,astandevenrq@hao123.com,Female,199.213.104.80
1000,Hamlin,Roadknight,hroadknightrr@tripod.com,Male,66.222.118.179